Desights_ID,Predicted_Class,Probability_-0.50%,Probability_-0.25%,Probability_0%,Probability_+0.25%,Probability_+0.50%
0x9e260fDcE0c87b485aB9B356d5a3E4f76B7fF57F,-0.25%,5.996923849481292e-09,0.84881146105971,0.15118781964835887,7.107548708634918e-07,2.5401366174755797e-09
