Desights_ID,Predicted_Class,Probability_-0.50%,Probability_-0.25%,Probability_0%,Probability_+0.25%,Probability_+0.50%
0x9e260fDcE0c87b485aB9B356d5a3E4f76B7fF57F,-0.25%,0.0034052226770936445,0.8134839026755433,0.1591335868392988,0.023968383303253682,8.904504810574578e-06
