Desights_ID,Predicted_Class,Probability_-0.50%,Probability_-0.25%,Probability_0%,Probability_+0.25%,Probability_+0.50%
0x9e260fDcE0c87b485aB9B356d5a3E4f76B7fF57F,-0.25%,0.017139205684429996,0.8406323175847767,0.11255069181244395,0.026475061328155643,0.0032027235901936754
